titulo,precio,categoria,calificacion
A Light in the Attic,Â£51.77,Poetry,Three
Tipping the Velvet,Â£53.74,Historical Fiction,One
Soumission,Â£50.10,Fiction,One
Sharp Objects,Â£47.82,Mystery,Four
Sapiens: A Brief History of Humankind,Â£54.23,History,Five
The Requiem Red,Â£22.65,Young Adult,One
The Dirty Little Secrets of Getting Your Dream Job,Â£33.34,Business,Four
"The Coming Woman: A Novel Based on the Life of the Infamous Feminist, Victoria Woodhull",Â£17.93,Default,Three
The Boys in the Boat: Nine Americans and Their Epic Quest for Gold at the 1936 Berlin Olympics,Â£22.60,Default,Four
The Black Maria,Â£52.15,Poetry,One
"Starving Hearts (Triangular Trade Trilogy, #1)",Â£13.99,Default,Two
Shakespeare's Sonnets,Â£20.66,Poetry,Four
Set Me Free,Â£17.46,Young Adult,Five
Scott Pilgrim's Precious Little Life (Scott Pilgrim #1),Â£52.29,Sequential Art,Five
Rip it Up and Start Again,Â£35.02,Music,Five
"Our Band Could Be Your Life: Scenes from the American Indie Underground, 1981-1991",Â£57.25,Music,Three
Olio,Â£23.88,Poetry,One
Mesaerion: The Best Science Fiction Stories 1800-1849,Â£37.59,Science Fiction,One
Libertarianism for Beginners,Â£51.33,Politics,Two
It's Only the Himalayas,Â£45.17,Travel,Two
In Her Wake,Â£12.84,Thriller,One
How Music Works,Â£37.32,Music,Two
"Foolproof Preserving: A Guide to Small Batch Jams, Jellies, Pickles, Condiments, and More: A Foolproof Guide to Making Small Batch Jams, Jellies, Pickles, Condiments, and More",Â£30.52,Food and Drink,Three
Chase Me (Paris Nights #2),Â£25.27,Romance,Five
Black Dust,Â£34.53,Romance,Five
Birdsong: A Story in Pictures,Â£54.64,Childrens,Three
America's Cradle of Quarterbacks: Western Pennsylvania's Football Factory from Johnny Unitas to Joe Montana,Â£22.50,Default,Three
Aladdin and His Wonderful Lamp,Â£53.13,Default,Three
Worlds Elsewhere: Journeys Around Shakespeareâs Globe,Â£40.30,Nonfiction,Five
Wall and Piece,Â£44.18,Art,Four
The Four Agreements: A Practical Guide to Personal Freedom,Â£17.66,Spirituality,Five
The Five Love Languages: How to Express Heartfelt Commitment to Your Mate,Â£31.05,Nonfiction,Three
The Elephant Tree,Â£23.82,Thriller,Five
The Bear and the Piano,Â£36.89,Childrens,One
Sophie's World,Â£15.94,Philosophy,Five
Penny Maybe,Â£33.29,Default,Three
Maude (1883-1993):She Grew Up with the country,Â£18.02,Default,Two
"In a Dark, Dark Wood",Â£19.63,Mystery,One
Behind Closed Doors,Â£52.22,Thriller,Four
You can't bury them all: Poems,Â£33.63,Poetry,Two
Slow States of Collapse: Poems,Â£57.31,Poetry,Three
Reasons to Stay Alive,Â£26.41,Nonfiction,Two
Private Paris (Private #10),Â£47.61,Fiction,Five
#HigherSelfie: Wake Up Your Life. Free Your Soul. Find Your Tribe.,Â£23.11,Nonfiction,Five
Without Borders (Wanderlove #1),Â£45.07,New Adult,Two
When We Collided,Â£31.77,Contemporary,One
"We Love You, Charlie Freeman",Â£50.27,Fiction,Five
Untitled Collection: Sabbath Poems 2014,Â£14.27,Poetry,Four
"Unseen City: The Majesty of Pigeons, the Discreet Charm of Snails & Other Wonders of the Urban Wilderness",Â£44.18,Nonfiction,Four
Unicorn Tracks,Â£18.78,Fantasy,Three
"Unbound: How Eight Technologies Made Us Human, Transformed Society, and Brought Our World to the Brink",Â£25.52,History,One
Tsubasa: WoRLD CHRoNiCLE 2 (Tsubasa WoRLD CHRoNiCLE #2),Â£16.28,Sequential Art,One
Throwing Rocks at the Google Bus: How Growth Became the Enemy of Prosperity,Â£31.12,Nonfiction,Three
This One Summer,Â£19.49,Sequential Art,Four
Thirst,Â£17.27,Fiction,Five
The Torch Is Passed: A Harding Family Story,Â£19.09,Add a comment,One
The Secret of Dreadwillow Carse,Â£56.13,Childrens,One
"The Pioneer Woman Cooks: Dinnertime: Comfort Classics, Freezer Food, 16-Minute Meals, and Other Delicious Ways to Solve Supper!",Â£56.41,Food and Drink,One
The Past Never Ends,Â£56.50,Mystery,Four
The Natural History of Us (The Fine Art of Pretending #2),Â£45.22,Young Adult,Three
The Nameless City (The Nameless City #1),Â£38.16,Sequential Art,Four
The Murder That Never Was (Forensic Instincts #5),Â£54.11,Fiction,Three
The Most Perfect Thing: Inside (and Outside) a Bird's Egg,Â£42.96,Science,Four
"The Mindfulness and Acceptance Workbook for Anxiety: A Guide to Breaking Free from Anxiety, Phobias, and Worry Using Acceptance and Commitment Therapy",Â£23.89,Add a comment,Four
The Life-Changing Magic of Tidying Up: The Japanese Art of Decluttering and Organizing,Â£16.77,Nonfiction,Three
"The Inefficiency Assassin: Time Management Tactics for Working Smarter, Not Longer",Â£20.59,Default,Five
The Gutsy Girl: Escapades for Your Life of Epic Adventure,Â£37.13,Nonfiction,One
The Electric Pencil: Drawings from Inside State Hospital No. 3,Â£56.06,Nonfiction,One
The Death of Humanity: and the Case for Life,Â£58.11,Philosophy,Four
"The Bulletproof Diet: Lose up to a Pound a Day, Reclaim Energy and Focus, Upgrade Your Life",Â£49.05,Health,Three
The Art Forger,Â£40.76,Add a comment,Three
The Age of Genius: The Seventeenth Century and the Birth of the Modern Mind,Â£19.73,History,One
The Activist's Tao Te Ching: Ancient Advice for a Modern Revolution,Â£32.24,Spirituality,Five
Spark Joy: An Illustrated Master Class on the Art of Organizing and Tidying Up,Â£41.83,Nonfiction,Four
Soul Reader,Â£39.58,Default,Two
Security,Â£39.25,Horror,Two
"Saga, Volume 6 (Saga (Collected Editions) #6)",Â£25.02,Fantasy,Three
"Saga, Volume 5 (Saga (Collected Editions) #5)",Â£51.04,Sequential Art,Two
Reskilling America: Learning to Labor in the Twenty-First Century,Â£19.83,Nonfiction,Two
"Rat Queens, Vol. 3: Demons (Rat Queens (Collected Editions) #11-15)",Â£50.40,Sequential Art,Three
"Princess Jellyfish 2-in-1 Omnibus, Vol. 01 (Princess Jellyfish 2-in-1 Omnibus #1)",Â£13.61,Sequential Art,Five
Princess Between Worlds (Wide-Awake Princess #5),Â£13.34,Fantasy,Five
"Pop Gun War, Volume 1: Gift",Â£18.97,Sequential Art,One
"Political Suicide: Missteps, Peccadilloes, Bad Calls, Backroom Hijinx, Sordid Pasts, Rotten Breaks, and Just Plain Dumb Mistakes in the Annals of American Politics",Â£36.28,History,Two
Patience,Â£10.16,Sequential Art,Three
"Outcast, Vol. 1: A Darkness Surrounds Him (Outcast #1)",Â£15.44,Sequential Art,Four
orange: The Complete Collection 1 (orange: The Complete Collection #1),Â£48.41,Sequential Art,One
Online Marketing for Busy Authors: A Step-By-Step Guide,Â£46.35,Self Help,One
On a Midnight Clear,Â£14.07,Add a comment,Three
Obsidian (Lux #1),Â£14.86,Young Adult,Two
My Paris Kitchen: Recipes and Stories,Â£33.37,Food and Drink,Two
Masks and Shadows,Â£56.40,Fantasy,Two
"Mama Tried: Traditional Italian Cooking for the Screwed, Crude, Vegan, and Tattooed",Â£14.02,Food and Drink,Four
"Lumberjanes, Vol. 2: Friendship to the Max (Lumberjanes #5-8)",Â£46.91,Sequential Art,Two
"Lumberjanes, Vol. 1: Beware the Kitten Holy (Lumberjanes #1-4)",Â£45.61,Sequential Art,Three
Lumberjanes Vol. 3: A Terrible Plan (Lumberjanes #9-12),Â£19.92,Sequential Art,Two
"Layered: Baking, Building, and Styling Spectacular Cakes",Â£40.11,Food and Drink,One
Judo: Seven Steps to Black Belt (an Introductory Guide for Beginners),Â£53.90,Add a comment,Two
Join,Â£35.67,Science Fiction,Five
In the Country We Love: My Family Divided,Â£22.00,Nonfiction,Four
Immunity: How Elie Metchnikoff Changed the Course of Modern Medicine,Â£57.36,Science,Five
"I Hate Fairyland, Vol. 1: Madly Ever After (I Hate Fairyland (Compilations) #1-5)",Â£29.17,Sequential Art,Two
I am a Hero Omnibus Volume 1,Â£54.63,Sequential Art,Three
How to Be Miserable: 40 Strategies You Already Use,Â£46.03,Self Help,One
Her Backup Boyfriend (The Sorensen Family #1),Â£33.97,Romance,One
"Giant Days, Vol. 2 (Giant Days #5-8)",Â£22.11,Sequential Art,Two
Forever and Forever: The Courtship of Henry Longfellow and Fanny Appleton,Â£29.69,Historical Fiction,Three
First and First (Five Boroughs #3),Â£15.97,Romance,Four
Fifty Shades Darker (Fifty Shades #2),Â£21.96,Romance,One
Everydata: The Misinformation Hidden in the Little Data You Consume Every Day,Â£54.35,Nonfiction,Two
"Don't Be a Jerk: And Other Practical Advice from Dogen, Japan's Greatest Zen Master",Â£37.97,Religion,Two
Danganronpa Volume 1,Â£51.99,Sequential Art,Four
Crown of Midnight (Throne of Glass #2),Â£43.29,Fantasy,Three
"Codename Baboushka, Volume 1: The Conclave of Death",Â£36.72,Sequential Art,Four
Camp Midnight,Â£17.08,Sequential Art,Four
Call the Nurse: True Stories of a Country Nurse on a Scottish Isle,Â£29.14,Nonfiction,Five
Burning,Â£28.81,Young Adult,Three
Bossypants,Â£49.46,Default,Two
"Bitch Planet, Vol. 1: Extraordinary Machine (Bitch Planet (Collected Editions))",Â£37.92,Sequential Art,Two
"Avatar: The Last Airbender: Smoke and Shadow, Part 3 (Smoke and Shadow #3)",Â£28.09,Fantasy,Two
Algorithms to Live By: The Computer Science of Human Decisions,Â£30.81,Nonfiction,One
A World of Flavor: Your Gluten Free Passport,Â£42.95,Default,One
"A Piece of Sky, a Grain of Rice: A Memoir in Four Meditations",Â£56.76,Default,Five
A Murder in Time,Â£16.64,Mystery,One
A Flight of Arrows (The Pathfinders #2),Â£55.53,Historical Fiction,Five
A Fierce and Subtle Poison,Â£28.13,Young Adult,Four
A Court of Thorns and Roses (A Court of Thorns and Roses #1),Â£52.37,Fantasy,One
(Un)Qualified: How God Uses Broken People to Do Big Things,Â£54.00,Christian,Five
You Are What You Love: The Spiritual Power of Habit,Â£21.87,Religion,Four
"William Shakespeare's Star Wars: Verily, A New Hope (William Shakespeare's Star Wars #4)",Â£43.30,Science Fiction,Four
Tuesday Nights in 1980,Â£21.04,Fiction,Two
Tracing Numbers on a Train,Â£41.60,Default,Three
Throne of Glass (Throne of Glass #1),Â£35.07,Fantasy,Three
Thomas Jefferson and the Tripoli Pirates: The Forgotten War That Changed American History,Â£59.64,History,One
Thirteen Reasons Why,Â£52.72,Default,One
The White Cat and the Monk: A Retelling of the Poem âPangur BÃ¡nâ,Â£58.08,Childrens,Four
The Wedding Dress,Â£24.12,Romance,One
The Vacationers,Â£42.15,Fiction,Four
The Third Wave: An Entrepreneurâs Vision of the Future,Â£12.61,Business,Five
The Stranger,Â£17.44,Philosophy,Four
The Shadow Hero (The Shadow Hero),Â£33.14,Sequential Art,One
The Secret (The Secret #1),Â£27.37,Default,Four
The Regional Office Is Under Attack!,Â£51.36,Fiction,Five
The Psychopath Test: A Journey Through the Madness Industry,Â£36.00,Default,Two
The Project,Â£10.65,Science Fiction,One
The Power of Now: A Guide to Spiritual Enlightenment,Â£43.54,Nonfiction,Two
The Omnivore's Dilemma: A Natural History of Four Meals,Â£38.21,Nonfiction,Two
The Nerdy Nummies Cookbook: Sweet Treats for the Geek in All of Us,Â£37.34,Food and Drink,Five
The Murder of Roger Ackroyd (Hercule Poirot #4),Â£44.10,Mystery,Four
The Mistake (Off-Campus #2),Â£43.29,New Adult,Three
The Matchmaker's Playbook (Wingmen Inc. #1),Â£55.85,New Adult,One
The Love and Lemons Cookbook: An Apple-to-Zucchini Celebration of Impromptu Cooking,Â£37.60,Food and Drink,Two
The Long Shadow of Small Ghosts: Murder and Memory in an American City,Â£10.97,Crime,One
The Kite Runner,Â£41.82,Default,Four
The House by the Lake,Â£36.95,Historical Fiction,One
The Glittering Court (The Glittering Court #1),Â£44.28,Fantasy,One
The Girl on the Train,Â£55.02,Default,Two
The Genius of Birds,Â£17.24,Nonfiction,One
The Emerald Mystery,Â£23.15,Default,Two
The Cookies & Cups Cookbook: 125+ sweet & savory recipes reminding you to Always Eat Dessert First,Â£41.25,Food and Drink,One
The Bridge to Consciousness: I'm Writing the Bridge Between Science and Our Old and New Beliefs.,Â£32.00,Default,Three
The Artist's Way: A Spiritual Path to Higher Creativity,Â£38.49,Nonfiction,Five
The Art of War,Â£33.34,Default,Five
The Argonauts,Â£10.93,Autobiography,Two
The 10% Entrepreneur: Live Your Startup Dream Without Quitting Your Day Job,Â£27.55,Business,Three
Suddenly in Love (Lake Haven #1),Â£55.99,Romance,Two
Something More Than This,Â£16.24,Romance,Four
Soft Apocalypse,Â£26.12,Science Fiction,Two
So You've Been Publicly Shamed,Â£12.23,Nonfiction,Two
Shoe Dog: A Memoir by the Creator of NIKE,Â£23.99,Business,Two
"Shobu Samurai, Project Aryoku (#3)",Â£29.06,Add a comment,Three
Secrets and Lace (Fatal Hearts #1),Â£20.27,Default,One
Scarlett Epstein Hates It Here,Â£43.55,Young Adult,Five
Romero and Juliet: A Tragic Tale of Love and Zombies,Â£36.94,Default,One
Redeeming Love,Â£20.47,Christian Fiction,Five
Poses for Artists Volume 1 - Dynamic and Sitting Poses: An Essential Reference for Figure Drawing and the Human Form,Â£41.06,Default,One
Poems That Make Grown Women Cry,Â£14.19,Poetry,Four
"Nightingale, Sing",Â£38.28,Young Adult,One
Night Sky with Exit Wounds,Â£41.05,Poetry,One
Mrs. Houdini,Â£30.25,Historical Fiction,Five
Modern Romance,Â£28.26,Add a comment,Five
Miss Peregrineâs Home for Peculiar Children (Miss Peregrineâs Peculiar Children #1),Â£10.76,Default,One
Louisa: The Extraordinary Life of Mrs. Adams,Â£16.85,Biography,Two
Little Red,Â£13.47,Childrens,Three
Library of Souls (Miss Peregrineâs Peculiar Children #3),Â£48.56,Young Adult,Five
Large Print Heart of the Pride,Â£19.15,Default,Two
I Had a Nice Time And Other Lies...: How to find love & sh*t like that,Â£57.36,Womens Fiction,Four
Hollow City (Miss Peregrineâs Peculiar Children #2),Â£42.98,Fantasy,One
Grumbles,Â£22.16,Default,Two
Full Moon over Noahâs Ark: An Odyssey to Mount Ararat and Beyond,Â£49.43,Travel,Four
Frostbite (Vampire Academy #2),Â£29.99,Young Adult,Five
Follow You Home,Â£21.36,Horror,One
First Steps for New Christians (Print Edition),Â£29.00,Default,One
Finders Keepers (Bill Hodges Trilogy #2),Â£53.53,Fiction,Five
"Fables, Vol. 1: Legends in Exile (Fables #1)",Â£41.62,Sequential Art,Four
Eureka Trivia 6.0,Â£54.59,Default,Four
Drive: The Surprising Truth About What Motivates Us,Â£34.95,Default,Four
Done Rubbed Out (Reightman & Bailey #1),Â£37.72,Default,Five
Doing It Over (Most Likely To #1),Â£35.61,Romance,Three
"Deliciously Ella Every Day: Quick and Easy Recipes for Gluten-Free Snacks, Packed Lunches, and Simple Meals",Â£42.16,Food and Drink,Three
Dark Notes,Â£19.19,Erotica,Five
"Daring Greatly: How the Courage to Be Vulnerable Transforms the Way We Live, Love, Parent, and Lead",Â£19.43,Nonfiction,Three
Close to You,Â£49.46,Christian Fiction,Four
Chasing Heaven: What Dying Taught Me About Living,Â£37.80,Spirituality,Two
Big Magic: Creative Living Beyond Fear,Â£30.80,Nonfiction,Three
Becoming Wise: An Inquiry into the Mystery and Art of Living,Â£27.43,Nonfiction,Two
Beauty Restored (Riley Family Legacy Novellas #3),Â£11.11,Default,Two
Batman: The Long Halloween (Batman),Â£36.50,Sequential Art,Two
Batman: The Dark Knight Returns (Batman),Â£15.38,Sequential Art,Five
Ayumi's Violin,Â£15.48,Default,Two
Anonymous,Â£46.82,Default,Four
Amy Meets the Saints and Sages,Â£18.46,Default,Three
Amid the Chaos,Â£36.58,Cultural,One
Amatus,Â£50.54,Default,Five
Agnostic: A Spirited Manifesto,Â£12.51,Nonfiction,Five
Zealot: The Life and Times of Jesus of Nazareth,Â£24.70,History,Three
You (You #1),Â£43.61,Thriller,Five
"Wonder Woman: Earth One, Volume One (Wonder Woman: Earth One #1)",Â£37.34,Sequential Art,Four
Wild Swans,Â£14.36,Young Adult,Two
Why the Right Went Wrong: Conservatism--From Goldwater to the Tea Party and Beyond,Â£52.65,Politics,Four
Whole Lotta Creativity Going On: 60 Fun and Unusual Exercises to Awaken and Strengthen Your Creativity,Â£38.20,Nonfiction,Four
What's It Like in Space?: Stories from Astronauts Who've Been There,Â£19.60,Nonfiction,Two
"We Are Robin, Vol. 1: The Vigilante Business (We Are Robin #1)",Â£53.90,Sequential Art,One
Walt Disney's Alice in Wonderland,Â£12.96,Childrens,Five
V for Vendetta (V for Vendetta Complete),Â£37.10,Default,Four
Until Friday Night (The Field Party #1),Â£46.31,Young Adult,Two
"Unbroken: A World War II Story of Survival, Resilience, and Redemption",Â£45.95,Default,Two
Twenty Yawns,Â£22.08,Childrens,Two
Through the Woods,Â£25.38,Sequential Art,Two
This Is Where It Ends,Â£27.12,Young Adult,Two
The Year of Magical Thinking,Â£43.04,Nonfiction,Two
The Wright Brothers,Â£56.80,Default,Four
The White Queen (The Cousins' War #1),Â£25.91,Add a comment,Five
The Wedding Pact (The O'Malleys #2),Â£32.61,Romance,Three
The Time Keeper,Â£27.88,Fiction,Five
The Testament of Mary,Â£52.67,Fiction,Four
The Star-Touched Queen,Â£46.02,Fantasy,Five
The Songs of the Gods,Â£44.48,Default,Five
The Song of Achilles,Â£37.40,Add a comment,Five
The Rosie Project (Don Tillman #1),Â£54.04,Default,One
The Power of Habit: Why We Do What We Do in Life and Business,Â£16.88,Default,Three
The Marriage of Opposites,Â£28.08,Historical Fiction,Four
The Lucifer Effect: Understanding How Good People Turn Evil,Â£10.40,Psychology,One
The Long Haul (Diary of a Wimpy Kid #9),Â£44.07,Humor,One
The Loney,Â£23.40,Horror,One
The Literature Book (Big Ideas Simply Explained),Â£17.43,Nonfiction,Three
The Last Mile (Amos Decker #2),Â£54.21,Mystery,Two
The Immortal Life of Henrietta Lacks,Â£40.67,Add a comment,Two
The Hidden Oracle (The Trials of Apollo #1),Â£52.26,Fantasy,Two
The Help Yourself Cookbook for Kids: 60 Easy Plant-Based Recipes Kids Can Make to Stay Healthy and Save the Earth,Â£28.77,Food and Drink,Three
The Guilty (Will Robie #4),Â£13.82,Thriller,Two
The First Hostage (J.B. Collins #2),Â£25.85,Fiction,Three
The Dovekeepers,Â£48.78,Add a comment,One
The Darkest Lie,Â£35.35,Young Adult,Five
The Bane Chronicles (The Bane Chronicles #1-11),Â£44.73,Fantasy,Four
The Bad-Ass Librarians of Timbuktu: And Their Race to Save the Worldâs Most Precious Manuscripts,Â£15.77,Nonfiction,One
The 14th Colony (Cotton Malone #11),Â£39.24,Thriller,One
That Darkness (Gardiner and Renner #1),Â£13.92,Mystery,One
Tastes Like Fear (DI Marnie Rome #3),Â£10.69,Mystery,One
Take Me with You,Â£45.21,Fiction,Three
Swell: A Year of Waves,Â£45.58,Nonfiction,One
Superman Vol. 1: Before Truth (Superman by Gene Luen Yang #1),Â£11.89,Sequential Art,Five
Still Life with Bread Crumbs,Â£26.41,Fiction,Three
Steve Jobs,Â£39.50,Default,Five
Sorting the Beef from the Bull: The Science of Food Fraud Forensics,Â£44.74,Science,Four
Someone Like You (The Harrisons #2),Â£52.79,Contemporary,Five
"So Cute It Hurts!!, Vol. 6 (So Cute It Hurts!! #6)",Â£35.43,Sequential Art,Four
Shtum,Â£55.84,Fiction,Four
See America: A Celebration of Our National Parks & Treasured Sites,Â£48.87,Travel,Three
salt.,Â£46.78,Poetry,Four
Robin War,Â£47.82,Sequential Art,Three
"Red Hood/Arsenal, Vol. 1: Open for Business (Red Hood/Arsenal #1)",Â£25.48,Sequential Art,Two
Rain Fish,Â£23.57,Childrens,Three
"Quarter Life Poetry: Poems for the Young, Broke and Hangry",Â£50.89,Poetry,Five
Pet Sematary,Â£10.56,Horror,Three
"Overload: How to Unplug, Unwind, and Unleash Yourself from the Pressure of Stress",Â£52.15,Self Help,Three
Once Was a Time,Â£18.28,Childrens,Two
Old School (Diary of a Wimpy Kid #10),Â£11.83,Humor,Five
No Dream Is Too High: Life Lessons From a Man Who Walked on the Moon,Â£21.95,Nonfiction,Two
"Naruto (3-in-1 Edition), Vol. 14: Includes Vols. 40, 41 & 42 (Naruto: Omnibus #14)",Â£38.39,Sequential Art,Two
My Name Is Lucy Barton,Â£41.56,Fiction,One
My Mrs. Brown,Â£24.48,Fiction,Three
My Kind of Crazy,Â£40.36,Young Adult,One
Mr. Mercedes (Bill Hodges Trilogy #1),Â£28.90,Fiction,One
More Than Music (Chasing the Dream #1),Â£37.61,Add a comment,Two
Made to Stick: Why Some Ideas Survive and Others Die,Â£38.85,Business,Five
Luis Paints the World,Â£53.95,Childrens,Three
Luckiest Girl Alive,Â£49.83,Default,Three
Lowriders to the Center of the Earth (Lowriders in Space #2),Â£51.51,Sequential Art,Two
Love Is a Mix Tape (Music #1),Â£18.03,Music,One
Looking for Lovely: Collecting the Moments that Matter,Â£29.14,Nonfiction,Five
"Living Leadership by Insight: A Good Leader Achieves, a Great Leader Builds Monuments",Â£46.91,Default,Four
Let It Out: A Journey Through Journaling,Â£26.79,Nonfiction,Five
Lady Midnight (The Dark Artifices #1),Â£16.28,Default,Five
"It's All Easy: Healthy, Delicious Weeknight Meals in under 30 Minutes",Â£19.55,Food and Drink,One
Island of Dragons (Unwanteds #7),Â£29.65,Fantasy,One
I Know What I'm Doing -- and Other Lies I Tell Myself: Dispatches from a Life Under Construction,Â£25.98,Humor,Four
I Am Pilgrim (Pilgrim #1),Â£10.60,Fiction,Four
"Hyperbole and a Half: Unfortunate Situations, Flawed Coping Mechanisms, Mayhem, and Other Things That Happened",Â£14.75,Humor,Five
"Hush, Hush (Hush, Hush #1)",Â£47.02,Default,Three
Hold Your Breath (Search and Rescue #1),Â£28.82,Romance,One
Hamilton: The Revolution,Â£58.79,Nonfiction,Three
Greek Mythic History,Â£10.23,Default,Five
God: The Most Unpleasant Character in All Fiction,Â£30.03,Religion,Five
Glory over Everything: Beyond The Kitchen House,Â£45.84,Historical Fiction,Three
Feathers: Displays of Brilliant Plumage,Â£49.05,Art,Three
"Far & Away: Places on the Brink of Change: Seven Continents, Twenty-Five Years",Â£15.06,Nonfiction,Four
Every Last Word,Â£46.47,Default,Three
Eligible (The Austen Project #4),Â£27.09,Fiction,Three
El Deafo,Â£57.62,Sequential Art,Five
Eight Hundred Grapes,Â£14.39,Fiction,Four
"Eaternity: More than 150 Deliciously Easy Vegan Recipes for a Long, Healthy, Satisfied, Joyful Life",Â£51.75,Nonfiction,Five
"Eat Fat, Get Thin",Â£54.07,Health,Two
Don't Get Caught,Â£55.35,Young Adult,One
Doctor Sleep (The Shining #2),Â£40.12,Horror,Two
Demigods & Magicians: Percy and Annabeth Meet the Kanes (Percy Jackson & Kane Chronicles Crossover #1-3),Â£37.51,Fantasy,Five
Dear Mr. Knightley,Â£11.21,Fiction,Five
Daily Fantasy Sports,Â£36.58,Default,One
Crazy Love: Overwhelmed by a Relentless God,Â£47.72,Christian,Two
Cometh the Hour (The Clifton Chronicles #6),Â£25.01,Fiction,Three
Code Name Verity (Code Name Verity #1),Â£22.13,Add a comment,Four
Clockwork Angel (The Infernal Devices #1),Â£44.14,Default,One
City of Glass (The Mortal Instruments #3),Â£56.02,Fantasy,Four
City of Fallen Angels (The Mortal Instruments #4),Â£11.23,Default,Four
City of Bones (The Mortal Instruments #1),Â£43.28,Default,One
City of Ashes (The Mortal Instruments #2),Â£47.27,Default,One
Cell,Â£20.29,Add a comment,Four
Catching Jordan (Hundred Oaks),Â£50.83,Young Adult,Three
"Carry On, Warrior: Thoughts on Life Unarmed",Â£31.85,Default,Three
Carrie,Â£46.23,Default,Two
Buying In: The Secret Dialogue Between What We Buy and Who We Are,Â£37.80,Nonfiction,Four
Brain on Fire: My Month of Madness,Â£49.32,Nonfiction,Five
Batman: Europa,Â£32.01,Sequential Art,Two
Barefoot Contessa Back to Basics,Â£28.01,Food and Drink,One
Barefoot Contessa at Home: Everyday Recipes You'll Make Over and Over Again,Â£50.62,Food and Drink,Five
Balloon Animals,Â£17.03,Fiction,Three
Art Ops Vol. 1,Â£48.80,Sequential Art,Three
Aristotle and Dante Discover the Secrets of the Universe (Aristotle and Dante Discover the Secrets of the Universe #1),Â£58.14,Young Adult,Four
Angels Walking (Angels Walking #1),Â£34.20,Add a comment,Two
Angels & Demons (Robert Langdon #1),Â£51.48,Default,Three
All the Light We Cannot See,Â£29.87,Historical,Five
"Adulthood Is a Myth: A ""Sarah's Scribbles"" Collection",Â£10.90,Sequential Art,Two
Abstract City,Â£56.37,Nonfiction,Five
A Time of Torment (Charlie Parker #14),Â£48.35,Mystery,Five
A Study in Scarlet (Sherlock Holmes #1),Â£16.73,Mystery,Two
"A Series of Catastrophes and Miracles: A True Story of Love, Science, and Cancer",Â£56.48,Add a comment,Two
A People's History of the United States,Â£40.79,Add a comment,Two
A Man Called Ove,Â£39.72,Fiction,One
A Distant Mirror: The Calamitous 14th Century,Â£14.58,History,Three
A Brush of Wings (Angels Walking #3),Â£55.51,Add a comment,One
1491: New Revelations of the Americas Before Columbus,Â£21.80,History,Three
"The Three Searches, Meaning, and the Story",Â£13.33,Default,Three
Searching for Meaning in Gailana,Â£38.73,Fantasy,One
Rook,Â£37.86,Add a comment,Four
My Kitchen Year: 136 Recipes That Saved My Life,Â£11.53,Food and Drink,Two
13 Hours: The Inside Account of What Really Happened In Benghazi,Â£27.06,Nonfiction,One
Will You Won't You Want Me?,Â£13.86,Womens Fiction,Three
Tipping Point for Planet Earth: How Close Are We to the Edge?,Â£37.55,Science,One
The Star-Touched Queen,Â£32.30,Fantasy,Five
The Silent Sister (Riley MacPherson #1),Â£46.29,Fiction,Five
The Midnight Watch: A Novel of the Titanic and the Californian,Â£26.20,Add a comment,One
The Lonely City: Adventures in the Art of Being Alone,Â£33.26,Nonfiction,Two
The Gray Rhino: How to Recognize and Act on the Obvious Dangers We Ignore,Â£59.15,Add a comment,Four
The Golden Condom: And Other Essays on Love Lost and Found,Â£39.43,Psychology,One
The Epidemic (The Program 0.6),Â£14.44,Young Adult,Five
The Dinner Party,Â£56.54,Fiction,Two
The Diary of a Young Girl,Â£59.90,Nonfiction,Three
The Children,Â£11.88,Add a comment,Three
Stars Above (The Lunar Chronicles #4.5),Â£48.05,Young Adult,Two
Snatched: How A Drug Queen Went Undercover for the DEA and Was Kidnapped By Colombian Guerillas,Â£21.21,Nonfiction,Three
Raspberry Pi Electronics Projects for the Evil Genius,Â£49.67,Default,Four
Quench Your Own Thirst: Business Lessons Learned Over a Beer or Two,Â£43.14,Business,One
Psycho: Sanitarium (Psycho #1.5),Â£36.97,Horror,Five
Poisonous (Max Revere Novels #3),Â£26.80,Mystery,Three
One with You (Crossfire #5),Â£15.71,Add a comment,Four
No Love Allowed (Dodge Cove #1),Â£54.65,Young Adult,Four
Murder at the 42nd Street Library (Raymond Ambler #1),Â£54.36,Mystery,Four
Most Wanted,Â£35.28,Mystery,Three
"Love, Lies and Spies",Â£20.55,Historical Fiction,Two
How to Speak Golf: An Illustrated Guide to Links Lingo,Â£58.32,Default,Five
Hide Away (Eve Duncan #20),Â£11.84,Mystery,One
Furiously Happy: A Funny Book About Horrible Things,Â£41.46,Nonfiction,Four
Everyday Italian: 125 Simple and Delicious Recipes,Â£20.10,Food and Drink,Five
Equal Is Unfair: America's Misguided Fight Against Income Inequality,Â£56.86,Politics,One
Eleanor & Park,Â£56.51,Default,Five
Dirty (Dive Bar #1),Â£40.83,Romance,Four
Can You Keep a Secret? (Fear Street Relaunch #4),Â£48.64,Horror,One
Boar Island (Anna Pigeon #19),Â£59.48,Mystery,Three
A Paris Apartment,Â£39.01,Historical Fiction,Four
"A la Mode: 120 Recipes in 60 Pairings: Pies, Tarts, Cakes, Crisps, and More Topped with Ice Cream, Gelato, Frozen Custard, and More",Â£38.77,Food and Drink,One
Troublemaker: Surviving Hollywood and Scientology,Â£48.39,Default,Two
The Widow,Â£27.26,Mystery,Two
"The Sleep Revolution: Transforming Your Life, One Night at a Time",Â£11.68,Nonfiction,Four
The Improbability of Love,Â£59.45,Fiction,One
The Art of Startup Fundraising,Â£21.00,Business,Three
Take Me Home Tonight (Rock Star Romance #3),Â£53.98,Romance,Three
Sleeping Giants (Themis Files #1),Â£48.74,Science Fiction,One
"Setting the World on Fire: The Brief, Astonishing Life of St. Catherine of Siena",Â£21.15,Biography,Two
Playing with Fire,Â£13.71,Mystery,Three
Off the Hook (Fishing for Trouble #1),Â£47.67,Romance,Three
Mothering Sunday,Â£13.34,Fiction,Two
"Mother, Can You Not?",Â£16.89,Nonfiction,Five
M Train,Â£27.18,Autobiography,One
Lilac Girls,Â£17.28,Historical Fiction,Two
Lies and Other Acts of Love,Â£45.14,Fiction,One
Lab Girl,Â£40.85,Autobiography,One
Keep Me Posted,Â£20.46,Womens Fiction,Four
It Didn't Start with You: How Inherited Family Trauma Shapes Who We Are and How to End the Cycle,Â£56.27,Psychology,Three
Grey (Fifty Shades #4),Â£48.49,Womens Fiction,Four
"Exit, Pursued by a Bear",Â£51.34,Young Adult,Four
Daredevils,Â£16.34,Fiction,Three
Cravings: Recipes for What You Want to Eat,Â£20.50,Food and Drink,Three
Born for This: How to Find the Work You Were Meant to Do,Â£21.59,Business,Five
Arena,Â£21.36,Science Fiction,Four
Adultery,Â£20.88,Default,Five
A Mother's Reckoning: Living in the Aftermath of Tragedy,Â£19.53,Nonfiction,Three
A Gentleman's Position (Society of Gentlemen #3),Â£14.75,Romance,Five
11/22/63,Â£48.48,Fiction,Three
"10% Happier: How I Tamed the Voice in My Head, Reduced Stress Without Losing My Edge, and Found Self-Help That Actually Works",Â£24.57,Nonfiction,Two
10-Day Green Smoothie Cleanse: Lose Up to 15 Pounds in 10 Days!,Â£49.71,Health,Five
Without Shame,Â£48.27,Add a comment,Five
Watchmen,Â£58.05,Add a comment,Four
Unlimited Intuition Now,Â£58.87,Default,Four
Underlying Notes,Â£11.82,Default,Two
The Shack,Â£28.03,Fiction,One
The New Brand You: Your New Image Makes the Sale for You,Â£44.05,Default,Five
"The Moosewood Cookbook: Recipes from Moosewood Restaurant, Ithaca, New York",Â£12.34,Food and Drink,Four
The Flowers Lied,Â£16.68,Default,Two
"The Fabric of the Cosmos: Space, Time, and the Texture of Reality",Â£55.91,Science,One
The Book of Mormon,Â£24.57,Religion,Three
The Art and Science of Low Carbohydrate Living,Â£52.98,Health,Five
The Alien Club,Â£54.40,Young Adult,One
Suzie Snowflake: One beautiful flake (a self-esteem story),Â£54.81,Novels,Five
Nap-a-Roo,Â£25.08,Childrens,One
"NaNo What Now? Finding your editing process, revising your NaNoWriMo book and building a writing career through publishing and beyond",Â£10.41,Default,Four
Modern Day Fables,Â£47.44,Default,Two
If I Gave You God's Phone Number....: Searching for Spirituality in America,Â£20.91,Spirituality,One
"Fruits Basket, Vol. 9 (Fruits Basket #9)",Â£33.95,Sequential Art,Four
Dress Your Family in Corduroy and Denim,Â£43.68,Humor,Three
Don't Forget Steven,Â£33.23,Young Adult,One
Chernobyl 01:23:40: The Incredible True Story of the World's Worst Nuclear Disaster,Â£35.92,Nonfiction,Two
Art and Fear: Observations on the Perils (and Rewards) of Artmaking,Â£48.63,Art,Four
A Shard of Ice (The Black Symphony Saga #1),Â£56.63,Fantasy,Three
A Hero's Curse (The Unseen Chronicles #1),Â£50.49,Add a comment,Three
23 Degrees South: A Tropical Tale of Changing Whether...,Â£35.79,Add a comment,Two
"Zero to One: Notes on Startups, or How to Build the Future",Â£34.06,Nonfiction,Three
Why Not Me?,Â£17.76,Nonfiction,One
When Breath Becomes Air,Â£39.36,Nonfiction,Two
Vagabonding: An Uncommon Guide to the Art of Long-Term World Travel,Â£36.94,Travel,Two
The Unlikely Pilgrimage of Harold Fry (Harold Fry #1),Â£43.62,Default,Five
The New Drawing on the Right Side of the Brain,Â£43.02,Art,Three
"The Midnight Assassin: Panic, Scandal, and the Hunt for America's First Serial Killer",Â£28.45,Nonfiction,Four
The Martian (The Martian #1),Â£41.39,Default,Two
The High Mountains of Portugal,Â£51.15,Fiction,One
The Grownup,Â£35.88,Short Stories,One
The E-Myth Revisited: Why Most Small Businesses Don't Work and What to Do About It,Â£36.91,Business,One
South of Sunshine,Â£28.93,Young Adult,One
Smarter Faster Better: The Secrets of Being Productive in Life and Business,Â£38.89,Nonfiction,Five
Silence in the Dark (Logan Point #4),Â£58.33,Suspense,Three
Shadows of the Past (Logan Point #1),Â£39.67,Christian Fiction,Five
Roller Girl,Â£14.10,Sequential Art,Five
Rising Strong,Â£21.82,Nonfiction,Three
Proofs of God: Classical Arguments from Tertullian to Barth,Â£54.21,Philosophy,One
Please Kill Me: The Uncensored Oral History of Punk,Â£31.19,Music,Four
Out of Print: City Lights Spotlight No. 14,Â£53.64,Poetry,Five
My Life Next Door (My Life Next Door ),Â£36.39,Young Adult,Five
Miller's Valley,Â£58.54,Fiction,Two
Man's Search for Meaning,Â£29.48,Nonfiction,Three
"Love That Boy: What Two Presidents, Eight Road Trips, and My Son Taught Me About a Parent's Expectations",Â£25.06,Nonfiction,Two
Living Forward: A Proven Plan to Stop Drifting and Get the Life You Want,Â£12.55,Nonfiction,Three
Les Fleurs du Mal,Â£29.04,Poetry,Five
Left Behind (Left Behind #1),Â£40.72,Default,Two
Kill 'Em and Leave: Searching for James Brown and the American Soul,Â£45.05,Music,Five
Kierkegaard: A Christian Missionary to Christians,Â£47.13,Philosophy,One
John Vassos: Industrial Design for Modern Life,Â£20.22,Default,Four
I'll Give You the Sun,Â£56.48,Default,One
I Will Find You,Â£44.21,Nonfiction,One
Hystopia: A Novel,Â£21.96,Fiction,Four
Howl and Other Poems,Â£40.45,Poetry,Two
History of Beauty,Â£10.29,Art,Four
Heaven is for Real: A Little Boy's Astounding Story of His Trip to Heaven and Back,Â£52.86,Default,Two
Future Shock (Future Shock #1),Â£55.65,Young Adult,Five
Ender's Game (The Ender Quintet #1),Â£43.64,Default,One
Diary of a Citizen Scientist: Chasing Tiger Beetles and Other New Ways of Engaging the World,Â£28.41,Science,One
Death by Leisure: A Cautionary Tale,Â£37.51,Default,Four
Brilliant Beacons: A History of the American Lighthouse,Â£11.45,History,Three
Brazen: The Courage to Find the You That's Been Hiding,Â£19.22,Nonfiction,Two
Between the World and Me,Â£56.91,Nonfiction,Four
Being Mortal: Medicine and What Matters in the End,Â£55.06,Nonfiction,Four
"A Murder Over a Girl: Justice, Gender, Junior High",Â£13.20,Nonfiction,Three
32 Yolks,Â£53.63,Food and Drink,Two
"""Most Blessed of the Patriarchs"": Thomas Jefferson and the Empire of the Imagination",Â£44.48,History,Five
You Are a Badass: How to Stop Doubting Your Greatness and Start Living an Awesome Life,Â£12.08,Self Help,Three
Wildlife of New York: A Five-Borough Coloring Book,Â£22.14,Default,Two
What Happened on Beale Street (Secrets of the South Mysteries #2),Â£25.37,Mystery,Five
Unreasonable Hope: Finding Faith in the God Who Brings Purpose to Your Pain,Â£46.33,Spirituality,Two
Under the Tuscan Sun,Â£37.33,Travel,Three
Toddlers Are A**holes: It's Not Your Fault,Â£25.55,Humor,One
The Year of Living Biblically: One Man's Humble Quest to Follow the Bible as Literally as Possible,Â£34.72,Default,One
The Whale,Â£35.96,Childrens,Four
The Story of Art,Â£41.14,Art,Four
The Origin of Species,Â£10.01,Science,Four
The Great Gatsby,Â£36.05,Default,Four
The Good Girl,Â£49.03,Default,Three
The Glass Castle,Â£16.24,Add a comment,One
The Faith of Christopher Hitchens: The Restless Soul of the World's Most Notorious Atheist,Â£39.55,Biography,One
The Drowning Girls,Â£35.67,Add a comment,Three
The Constant Princess (The Tudor Court #1),Â£16.62,Historical Fiction,Three
The Bourne Identity (Jason Bourne #1),Â£42.78,Fiction,Four
The Bachelor Girl's Guide to Murder (Herringford and Watts Mysteries #1),Â£52.30,Mystery,Five
The Art Book,Â£32.34,Art,Two
The 7 Habits of Highly Effective People: Powerful Lessons in Personal Change,Â£33.17,Default,Four
Team of Rivals: The Political Genius of Abraham Lincoln,Â£20.12,Add a comment,Five
Steal Like an Artist: 10 Things Nobody Told You About Being Creative,Â£20.90,Default,Two
"Sit, Stay, Love",Â£20.90,Romance,Three
Sister Dear,Â£40.20,Fiction,Four
"Shrunken Treasures: Literary Classics, Short, Sweet, and Silly",Â£52.87,Childrens,Three
"Rich Dad, Poor Dad",Â£51.74,Business,One
Raymie Nightingale,Â£34.41,Childrens,Two
Playing from the Heart,Â£32.38,Childrens,One
Nightstruck: A Novel,Â£50.35,Young Adult,Four
"Naturally Lean: 125 Nourishing Gluten-Free, Plant-Based Recipes--All Under 300 Calories",Â£11.38,Food and Drink,Five
Meternity,Â£43.58,Womens Fiction,Three
Memoirs of a Geisha,Â£49.67,Fiction,Three
Like Never Before (Walker Family #2),Â£28.77,Christian Fiction,Two
Life of Pi,Â£13.22,Default,Four
Leave This Song Behind: Teen Poetry at Its Best,Â£51.17,Poetry,Five
King's Folly (The Kinsman Chronicles #1),Â£39.61,Fantasy,Five
John Adams,Â£57.43,Add a comment,Four
How to Cook Everything Vegetarian: Simple Meatless Recipes for Great Food (How to Cook Everything),Â£46.01,Food and Drink,Four
How to Be a Domestic Goddess: Baking and the Art of Comfort Cooking,Â£28.25,Food and Drink,Two
Good in Bed (Cannie Shapiro #1),Â£37.05,Add a comment,Five
"Fruits Basket, Vol. 7 (Fruits Basket #7)",Â£19.57,Sequential Art,One
For the Love: Fighting for Grace in a World of Impossible Standards,Â£45.13,Nonfiction,Three
Finding God in the Ruins: How God Redeems Pain,Â£46.64,Nonfiction,Two
Every Heart a Doorway (Every Heart A Doorway #1),Â£12.16,Fantasy,Five
Delivering the Truth (Quaker Midwife Mystery #1),Â£20.89,Mystery,Four
Counted With the Stars (Out from Egypt #1),Â£17.97,Christian Fiction,Five
"Chronicles, Vol. 1",Â£52.60,Music,Two
Blue Like Jazz: Nonreligious Thoughts on Christian Spirituality,Â£25.77,Christian,One
Benjamin Franklin: An American Life,Â£48.19,Biography,Three
"At The Existentialist CafÃ©: Freedom, Being, and apricot cocktails with: Jean-Paul Sartre, Simone de Beauvoir, Albert Camus, Martin Heidegger, Edmund Husserl, Karl Jaspers, Maurice Merleau-Ponty and others",Â£29.93,Philosophy,Five
A Summer In Europe,Â£44.34,Travel,Two
A Short History of Nearly Everything,Â£52.40,History,Five
A Gathering of Shadows (Shades of Magic #2),Â£44.81,Fantasy,Four
The Sound Of Love,Â£57.84,Default,Five
The Rise and Fall of the Third Reich: A History of Nazi Germany,Â£39.67,History,Two
The Perks of Being a Wallflower,Â£55.02,Default,Three
The Mysterious Affair at Styles (Hercule Poirot #1),Â£24.80,Mystery,Four
The Man Who Mistook His Wife for a Hat and Other Clinical Tales,Â£59.45,Nonfiction,Four
The Makings of a Fatherless Child,Â£31.58,Default,Two
The Joy of Cooking,Â£43.27,Add a comment,Four
The Invention of Wings,Â£37.34,Historical Fiction,One
The Hobbit (Middle-Earth Universe),Â£17.80,Default,Five
The Great Railway Bazaar,Â£30.54,Travel,One
The Golden Compass (His Dark Materials #1),Â£18.77,Add a comment,One
The God Delusion,Â£46.85,Add a comment,Three
The Girl You Left Behind (The Girl You Left Behind #1),Â£15.79,Historical,One
The Fellowship of the Ring (The Lord of the Rings #1),Â£10.27,Default,Two
The Collected Poems of W.B. Yeats (The Collected Works of W.B. Yeats #1),Â£15.42,Poetry,Five
The Barefoot Contessa Cookbook,Â£59.92,Food and Drink,Five
Tell the Wolves I'm Home,Â£50.96,Young Adult,Two
Ship Leaves Harbor: Essays on Travel by a Recovering Journeyman,Â£30.60,Default,Three
Pride and Prejudice,Â£19.27,Add a comment,Four
Musicophilia: Tales of Music and the Brain,Â£46.58,Default,One
Mere Christianity,Â£48.51,Add a comment,Three
Me Before You (Me Before You #1),Â£19.02,Fiction,One
In the Woods (Dublin Murder Squad #1),Â£38.38,Mystery,Two
In Cold Blood,Â£49.98,Nonfiction,Four
How to Stop Worrying and Start Living,Â£46.49,Self Help,Five
Give It Back,Â£18.32,Thriller,Two
"Girl, Interrupted",Â£42.14,Nonfiction,Three
Fun Home: A Family Tragicomic,Â£56.59,Add a comment,Four
"Fruits Basket, Vol. 6 (Fruits Basket #6)",Â£20.96,Sequential Art,Four
Deception Point,Â£40.32,Fiction,Four
"Death Note, Vol. 6: Give-and-Take (Death Note #6)",Â£36.39,Sequential Art,Three
Catherine the Great: Portrait of a Woman,Â£58.55,History,Four
Better Homes and Gardens New Cook Book,Â£39.61,Food and Drink,Three
An Unquiet Mind: A Memoir of Moods and Madness,Â£21.30,Psychology,Three
A Year in Provence (Provence #1),Â£56.88,Travel,Four
World Without End (The Pillars of the Earth #2),Â£32.97,Historical Fiction,Four
"Will Grayson, Will Grayson (Will Grayson, Will Grayson)",Â£47.31,Young Adult,Four
Why Save the Bankers?: And Other Essays on Our Economic and Political Crisis,Â£48.67,Nonfiction,Two
Where She Went (If I Stay #2),Â£41.73,Young Adult,Four
What If?: Serious Scientific Answers to Absurd Hypothetical Questions,Â£53.68,Default,Four
Two Summers,Â£14.64,Young Adult,One
This Is Your Brain on Music: The Science of a Human Obsession,Â£38.40,Music,One
The Secret Garden,Â£15.08,Classics,Four
The Raven King (The Raven Cycle #4),Â£30.57,Add a comment,Two
The Raven Boys (The Raven Cycle #1),Â£57.74,Fantasy,Four
The Power Greens Cookbook: 140 Delicious Superfood Recipes,Â£11.05,Food and Drink,Five
The Metamorphosis,Â£28.58,Classics,One
The Mathews Men: Seven Brothers and the War Against Hitler's U-boats,Â£42.91,History,Five
The Little Paris Bookshop,Â£24.73,Fiction,Three
The Hiding Place,Â£55.91,History,Four
The Grand Design,Â£13.76,Science,Three
The Firm,Â£45.56,Fiction,Three
The Fault in Our Stars,Â£47.22,Default,One
The False Prince (The Ascendance Trilogy #1),Â£56.00,Fantasy,Five
The Expatriates,Â£44.58,Fiction,Two
The Dream Thieves (The Raven Cycle #2),Â£34.50,Default,One
The Darkest Corners,Â£11.33,Young Adult,Five
The Crossover,Â£38.77,Poetry,Four
The 5th Wave (The 5th Wave #1),Â£11.83,Default,Two
Tell the Wind and Fire,Â£45.51,Fantasy,Three
Tell Me Three Things,Â£41.81,Young Adult,One
Talking to Girls About Duran Duran: One Young Man's Quest for True Love and a Cooler Haircut,Â£25.15,Nonfiction,Four
Siddhartha,Â£34.22,Fiction,Five
Shiver (The Wolves of Mercy Falls #1),Â£16.23,Default,Five
Remember Me?,Â£11.48,Default,Three
Red Dragon (Hannibal Lecter #1),Â£23.37,Horror,Three
Peak: Secrets from the New Science of Expertise,Â£16.28,Science,Two
My Mother Was Nuts,Â£31.63,Nonfiction,Four
Mexican Today: New and Rediscovered Recipes for Contemporary Kitchens,Â£24.91,Food and Drink,Five
Maybe Something Beautiful: How Art Transformed a Neighborhood,Â£22.54,Childrens,One
Lola and the Boy Next Door (Anna and the French Kiss #2),Â£23.63,Young Adult,Four
Logan Kade (Fallen Crest High #5.5),Â£13.12,Academic,Two
Last One Home (New Beginnings #1),Â£59.98,Fiction,Three
Killing Floor (Jack Reacher #1),Â£31.49,Thriller,Four
Kill the Boy Band,Â£15.52,Young Adult,Five
Isla and the Happily Ever After (Anna and the French Kiss #3),Â£48.13,Young Adult,Five
If I Stay (If I Stay #1),Â£38.13,Default,Five
I Know Why the Caged Bird Sings (Maya Angelou's Autobiography #1),Â£36.55,Default,Two
Harry Potter and the Deathly Hallows (Harry Potter #7),Â£23.32,Default,One
"Fruits Basket, Vol. 5 (Fruits Basket #5)",Â£16.33,Sequential Art,One
Foundation (Foundation (Publication Order) #1),Â£32.42,Science Fiction,One
Fool Me Once,Â£16.96,Default,One
Find Her (Detective D.D. Warren #8),Â£22.37,Add a comment,One
Evicted: Poverty and Profit in the American City,Â£42.27,Add a comment,One
Drama,Â£38.70,Default,Two
Dracula the Un-Dead,Â£35.63,Horror,Five
Digital Fortress,Â£58.00,Fiction,Five
"Death Note, Vol. 5: Whiteout (Death Note #5)",Â£52.41,Sequential Art,One
"Data, A Love Story: How I Gamed Online Dating to Meet My Match",Â£32.35,Nonfiction,Three
Critique of Pure Reason,Â£20.75,Philosophy,One
Booked,Â£17.49,Poetry,Five
"Blue Lily, Lily Blue (The Raven Cycle #3)",Â£34.13,Default,Five
Approval Junkie: Adventures in Caring Too Much,Â£58.81,Autobiography,Five
An Abundance of Katherines,Â£10.00,Young Adult,Five
America's War for the Greater Middle East: A Military History,Â£51.22,History,Two
Alight (The Generations Trilogy #2),Â£58.59,Default,Four
A Girl's Guide to Moving On (New Beginnings #2),Â£31.30,Romance,One
A Game of Thrones (A Song of Ice and Fire #1),Â£46.42,Add a comment,Two
A Feast for Crows (A Song of Ice and Fire #4),Â£17.21,Fantasy,Four
A Clash of Kings (A Song of Ice and Fire #2),Â£10.79,Add a comment,Three
Vogue Colors A to Z: A Fashion Coloring Book,Â£52.35,Default,Four
The Shining (The Shining #1),Â£27.88,Default,Three
The Pilgrim's Progress,Â£50.26,Classics,Two
The Perfect Play (Play by Play #1),Â£59.99,Romance,Three
The Passion of Dolssa,Â£28.32,Historical Fiction,Five
The Jazz of Physics: The Secret Link Between Music and the Structure of the Universe,Â£38.71,Nonfiction,Three
The Hunger Games (The Hunger Games #1),Â£29.85,Default,Five
The Hound of the Baskervilles (Sherlock Holmes #5),Â£14.82,Classics,Two
The Gunning of America: Business and the Making of American Gun Culture,Â£16.81,Nonfiction,Four
The Geography of Bliss: One Grump's Search for the Happiest Places in the World,Â£28.23,Nonfiction,Two
The Demonists (Demonist #1),Â£52.11,Fantasy,Two
"The Demon Prince of Momochi House, Vol. 4 (The Demon Prince of Momochi House #4)",Â£27.88,Sequential Art,Two
The Bone Hunters (Lexy Vaughan & Steven Macaulay #2),Â£59.71,Thriller,Three
The Beast (Black Dagger Brotherhood #14),Â£46.08,Fantasy,Five
Some Women,Â£13.73,Womens Fiction,Five
Shopaholic Ties the Knot (Shopaholic #3),Â£48.39,Womens Fiction,Five
Paper and Fire (The Great Library #2),Â£49.45,Fantasy,Five
Outlander (Outlander #1),Â£19.67,Default,Five
"Orchestra of Exiles: The Story of Bronislaw Huberman, the Israel Philharmonic, and the One Thousand Jews He Saved from Nazi Horrors",Â£12.36,Music,Three
No One Here Gets Out Alive,Â£20.02,Music,Five
Night Shift (Night Shift #1-20),Â£12.75,Horror,Four
Needful Things,Â£47.51,Horror,Four
Mockingjay (The Hunger Games #3),Â£20.44,Default,Four
Misery,Â£34.79,Horror,Two
Little Women (Little Women #1),Â£28.07,Classics,Four
It,Â£25.01,Horror,Three
Harry Potter and the Sorcerer's Stone (Harry Potter #1),Â£13.90,Default,Three
Harry Potter and the Prisoner of Azkaban (Harry Potter #3),Â£24.17,Young Adult,Four
Harry Potter and the Order of the Phoenix (Harry Potter #5),Â£31.63,Fantasy,Four
Harry Potter and the Half-Blood Prince (Harry Potter #6),Â£48.75,Fantasy,Five
Harry Potter and the Chamber of Secrets (Harry Potter #2),Â£14.74,Fantasy,One
Gone with the Wind,Â£32.49,Classics,Three
God Is Not Great: How Religion Poisons Everything,Â£27.80,Nonfiction,One
Girl With a Pearl Earring,Â£26.77,Historical Fiction,One
"Fruits Basket, Vol. 4 (Fruits Basket #4)",Â£50.44,Sequential Art,Four
Far From True (Promise Falls Trilogy #2),Â£34.93,Thriller,Two
Dark Lover (Black Dagger Brotherhood #1),Â£12.87,Romance,One
Confessions of a Shopaholic (Shopaholic #1),Â£48.94,Default,Two
Changing the Game (Play by Play #2),Â£13.38,Romance,Three
Candide,Â£58.63,Classics,Three
Can You Keep a Secret?,Â£21.94,Womens Fiction,One
Atlas Shrugged,Â£26.58,Fiction,Five
Animal Farm,Â£57.22,Classics,Three
A Walk to Remember,Â£56.43,Romance,One
A New Earth: Awakening to Your Life's Purpose,Â£55.65,Spirituality,Five
"A History of God: The 4,000-Year Quest of Judaism, Christianity, and Islam",Â£27.62,Religion,One
'Salem's Lot,Â£49.56,Horror,Four
Zero History (Blue Ant #3),Â£34.77,Default,One
Wuthering Heights,Â£17.73,Classics,Three
World War Z: An Oral History of the Zombie War,Â£21.80,Default,One
Wild: From Lost to Found on the Pacific Crest Trail,Â£46.02,Default,Three
"Where'd You Go, Bernadette",Â£18.13,Default,One
When You Are Engulfed in Flames,Â£30.89,Humor,Five
We the People: The Modern-Day Figures Who Have Reshaped and Affirmed the Founding Fathers' Vision of America,Â£31.95,Nonfiction,Three
We Are All Completely Beside Ourselves,Â£24.04,Contemporary,One
Walk the Edge (Thunder Road #2),Â£32.36,Young Adult,Three
Voyager (Outlander #3),Â£21.07,Historical Fiction,Five
Very Good Lives: The Fringe Benefits of Failure and the Importance of Imagination,Â£50.66,Nonfiction,Three
Vegan Vegetarian Omnivore: Dinner for Everyone at the Table,Â£13.66,Food and Drink,Two
"Unstuffed: Decluttering Your Home, Mind, and Soul",Â£58.09,Nonfiction,One
Under the Banner of Heaven: A Story of Violent Faith,Â£30.00,Nonfiction,One
Two Boys Kissing,Â£32.74,Young Adult,Two
Twilight (Twilight #1),Â£41.93,Default,Two
Twenties Girl,Â£42.80,Womens Fiction,Two
"Trespassing Across America: One Man's Epic, Never-Done-Before (and Sort of Illegal) Hike Across the Heartland",Â£53.51,Nonfiction,One
Three-Martini Lunch,Â£23.21,Fiction,Three
"Thinking, Fast and Slow",Â£21.14,Psychology,One
The Wild Robot,Â£56.07,Childrens,Three
"The Wicked + The Divine, Vol. 3: Commercial Suicide (The Wicked + The Divine)",Â£14.41,Sequential Art,Three
The Undomestic Goddess,Â£45.75,Womens Fiction,Four
The Travelers,Â£15.77,Thriller,One
The Tipping Point: How Little Things Can Make a Big Difference,Â£10.02,Add a comment,Two
The Thing About Jellyfish,Â£48.77,Childrens,One
The Stand,Â£57.86,Horror,Two
The Smitten Kitchen Cookbook,Â£23.59,Food and Drink,One
The Silkworm (Cormoran Strike #2),Â£23.05,Mystery,Five
"The Sandman, Vol. 3: Dream Country (The Sandman (volumes) #3)",Â£55.55,Sequential Art,Five
The Rose & the Dagger (The Wrath and the Dawn #2),Â£58.64,Fantasy,Four
The Road to Little Dribbling: Adventures of an American in Britain (Notes From a Small Island #2),Â£23.21,Travel,One
The Rise of Theodore Roosevelt (Theodore Roosevelt #1),Â£42.57,Biography,Three
The Restaurant at the End of the Universe (Hitchhiker's Guide to the Galaxy #2),Â£10.92,Science Fiction,One
The Rest Is Noise: Listening to the Twentieth Century,Â£34.77,Add a comment,One
The Red Tent,Â£35.66,Historical Fiction,Five
The Purpose Driven Life: What on Earth Am I Here for?,Â£37.19,Add a comment,Three
The Purest Hook (Second Circle Tattoos #3),Â£12.25,Romance,One
The Picture of Dorian Gray,Â£29.70,Classics,Two
The Paris Wife,Â£36.80,Default,Three
The Obsession,Â£45.43,Romance,One
The Nightingale,Â£26.26,Fiction,Four
The New Guy (and Other Senior Year Distractions),Â£44.92,Young Adult,Three
The Nanny Diaries (Nanny #1),Â£52.53,Womens Fiction,Five
The Name of God is Mercy,Â£37.25,Nonfiction,Two
The Maze Runner (The Maze Runner #1),Â£20.93,Default,One
The Lover's Dictionary,Â£58.09,Default,Two
The Lonely Ones,Â£43.59,Childrens,Five
The Lean Startup: How Today's Entrepreneurs Use Continuous Innovation to Create Radically Successful Businesses,Â£33.92,Business,Three
The Last Painting of Sara de Vos,Â£55.55,Historical Fiction,Two
"The Land of 10,000 Madonnas",Â£29.64,Young Adult,Four
The Infinities,Â£27.41,Fiction,One
The Husband's Secret,Â£52.51,Fiction,Five
The Hitchhiker's Guide to the Galaxy (Hitchhiker's Guide to the Galaxy #1),Â£47.80,Add a comment,Three
The Guns of August,Â£14.54,History,Two
The Guernsey Literary and Potato Peel Pie Society,Â£49.53,Historical Fiction,One
The Goldfinch,Â£43.58,Default,Three
The Giver (The Giver Quartet #1),Â£12.30,Default,One
The Girl with All the Gifts,Â£49.47,Horror,Three
The Girl Who Played with Fire (Millennium Trilogy #2),Â£22.14,Default,Two
The Girl Who Kicked the Hornet's Nest (Millennium Trilogy #3),Â£57.48,Add a comment,One
The Exiled,Â£43.45,Mystery,Three
"The End of Faith: Religion, Terror, and the Future of Reason",Â£22.13,Add a comment,Four
"The Elegant Universe: Superstrings, Hidden Dimensions, and the Quest for the Ultimate Theory",Â£13.03,Science,Four
"The Disappearing Spoon: And Other True Tales of Madness, Love, and the History of the World from the Periodic Table of the Elements",Â£57.35,Science,Five
The Devil Wears Prada (The Devil Wears Prada #1),Â£44.29,Womens Fiction,One
The Demon-Haunted World: Science as a Candle in the Dark,Â£52.25,Default,Four
The Day the Crayons Came Home (Crayons),Â£26.33,Childrens,Five
The Da Vinci Code (Robert Langdon #2),Â£22.96,Fiction,Two
The Cuckoo's Calling (Cormoran Strike #1),Â£19.21,Mystery,One
The Complete Stories and Poems (The Works of Edgar Allan Poe [Cameo Edition]),Â£26.78,Classics,Four
The Complete Poems,Â£41.32,Add a comment,Five
The Catcher in the Rye,Â£24.55,Add a comment,One
The Cat in the Hat (Beginner Books B-1),Â£16.26,Childrens,Two
The Case for Christ (Cases for Christianity),Â£47.84,Add a comment,One
The Book Thief,Â£53.49,Default,Two
The Book of Basketball: The NBA According to The Sports Guy,Â£44.84,Sports and Games,Five
The Blind Side: Evolution of a Game,Â£53.71,Add a comment,Five
The Autobiography of Malcolm X,Â£23.43,Default,Two
"The Art of Simple Food: Notes, Lessons, and Recipes from a Delicious Revolution",Â£34.32,Food and Drink,Three
The Art of Fielding,Â£22.10,Fiction,One
"Surely You're Joking, Mr. Feynman!: Adventures of a Curious Character",Â£25.83,Science,Two
Stiff: The Curious Lives of Human Cadavers,Â£36.74,Nonfiction,Three
Spilled Milk: Based on a True Story,Â£49.51,Nonfiction,One
Something Borrowed (Darcy & Rachel #1),Â£48.96,Womens Fiction,Five
Something Blue (Darcy & Rachel #2),Â£54.62,Womens Fiction,One
Soldier (Talon #3),Â£24.72,Fantasy,Two
Shopaholic & Baby (Shopaholic #5),Â£46.45,Default,Two
Seven Days in the Art World,Â£52.33,Add a comment,Two
Seven Brief Lessons on Physics,Â£30.60,Science,Four
Scarlet (The Lunar Chronicles #2),Â£14.57,Young Adult,Four
Sarah's Key,Â£46.29,Add a comment,One
"Saga, Volume 3 (Saga (Collected Editions) #3)",Â£21.57,Sequential Art,Five
Running with Scissors,Â£12.91,Autobiography,Four
Rogue Lawyer (Rogue Lawyer #1),Â£50.11,Add a comment,Three
"Rise of the Rocket Girls: The Women Who Propelled Us, from Missiles to the Moon to Mars",Â£41.67,Nonfiction,Four
Rework,Â£44.88,Business,Two
Reservations for Two,Â£11.10,Romance,Three
Red: The True Story of Red Riding Hood,Â£28.54,Childrens,Three
Ready Player One,Â£19.07,Science Fiction,Four
Quiet: The Power of Introverts in a World That Can't Stop Talking,Â£43.55,Default,One
Prodigy: The Graphic Novel (Legend: The Graphic Novel #2),Â£43.63,Sequential Art,Three
Persepolis: The Story of a Childhood (Persepolis #1-2),Â£39.13,Sequential Art,One
Packing for Mars: The Curious Science of Life in the Void,Â£56.68,Default,Two
Outliers: The Story of Success,Â£14.16,Nonfiction,One
Original Fake,Â£31.45,Sequential Art,Three
Orange Is the New Black,Â£24.61,Default,Two
One for the Money (Stephanie Plum #1),Â£32.87,Default,Two
Notes from a Small Island (Notes From a Small Island #1),Â£40.17,Nonfiction,One
Night (The Night Trilogy #1),Â£13.51,Nonfiction,One
Neither Here nor There: Travels in Europe,Â£38.95,Travel,Three
Naked,Â£31.69,Humor,Three
Morning Star (Red Rising #3),Â£29.40,Default,One
"Miracles from Heaven: A Little Girl, Her Journey to Heaven, and Her Amazing Story of Healing",Â£57.83,Nonfiction,One
Midnight Riot (Peter Grant/ Rivers of London - books #1),Â£55.46,Fantasy,Two
Me Talk Pretty One Day,Â£57.60,Autobiography,Two
Manuscript Found in Accra,Â£34.98,Add a comment,Two
Lust & Wonder,Â£11.87,Autobiography,Two
Lila (Gilead #3),Â£12.47,Fiction,Three
"Life, the Universe and Everything (Hitchhiker's Guide to the Galaxy #3)",Â£33.26,Science Fiction,Two
Life Without a Recipe,Â£59.04,Autobiography,Five
Life After Life,Â£26.13,Default,Two
Letter to a Christian Nation,Â£22.20,Nonfiction,One
Let's Pretend This Never Happened: A Mostly True Memoir,Â£45.11,Nonfiction,One
Legend (Legend #1),Â£43.69,Young Adult,Four
"Lean In: Women, Work, and the Will to Lead",Â£25.02,Default,One
"Lamb: The Gospel According to Biff, Christ's Childhood Pal",Â£55.50,Humor,Five
Lady Renegades (Rebel Belle #3),Â£53.04,Young Adult,Five
Jurassic Park (Jurassic Park #1),Â£44.97,Fiction,One
It's Never Too Late to Begin Again: Discovering Creativity and Meaning at Midlife and Beyond,Â£42.38,Nonfiction,One
Is Everyone Hanging Out Without Me? (And Other Concerns),Â£20.11,Default,Three
Into the Wild,Â£56.70,Nonfiction,Five
Inferno (Robert Langdon #4),Â£41.00,Fiction,Five
"In the Garden of Beasts: Love, Terror, and an American Family in Hitler's Berlin",Â£28.85,Nonfiction,Three
If I Run (If I Run #1),Â£49.97,Christian Fiction,Four
I've Got Your Number,Â£19.69,Womens Fiction,One
I Am Malala: The Girl Who Stood Up for Education and Was Shot by the Taliban,Â£28.88,Nonfiction,Two
Hungry Girl Clean & Hungry: Easy All-Natural Recipes for Healthy Eating in the Real World,Â£33.14,Food and Drink,Three
"House of Lost Worlds: Dinosaurs, Dynasties, and the Story of Life on Earth",Â£43.70,History,Two
House of Leaves,Â£54.89,Horror,One
Horrible Bear!,Â£37.52,Childrens,Two
Holidays on Ice,Â£51.07,Humor,Two
Heir to the Sky,Â£44.07,Fantasy,Four
Green Eggs and Ham (Beginner Books B-16),Â£10.79,Childrens,Four
"Grayson, Vol 3: Nemesis (Grayson #3)",Â£42.72,Sequential Art,One
Gratitude,Â£26.66,Nonfiction,Five
Gone Girl,Â£37.60,Default,Five
Golden (Heart of Dread #3),Â£42.21,Young Adult,Four
Girl in the Blue Coat,Â£46.83,Historical Fiction,Two
"Fruits Basket, Vol. 3 (Fruits Basket #3)",Â£45.17,Sequential Art,Two
"Friday Night Lights: A Town, a Team, and a Dream",Â£51.22,Sports and Games,Three
Fire Bound (Sea Haven/Sisters of the Heart #5),Â£21.28,Add a comment,Four
Fifty Shades Freed (Fifty Shades #3),Â£15.36,Adult Fiction,Five
Fellside,Â£38.62,Default,One
Extreme Prey (Lucas Davenport #26),Â£25.40,Mystery,Three
Eragon (The Inheritance Cycle #1),Â£43.87,Fantasy,Three
Eclipse (Twilight #3),Â£18.74,Default,One
Dune (Dune #1),Â£54.86,Science Fiction,One
Dracula,Â£52.62,Default,Three
Do Androids Dream of Electric Sheep? (Blade Runner #1),Â£51.48,Science Fiction,One
Disrupted: My Misadventure in the Start-Up Bubble,Â£15.28,Nonfiction,Five
Dead Wake: The Last Crossing of the Lusitania,Â£39.24,Default,Five
"David and Goliath: Underdogs, Misfits, and the Art of Battling Giants",Â£17.81,Default,One
Darkfever (Fever #1),Â£56.02,Fantasy,One
Dark Places,Â£23.90,Default,Five
Crazy Rich Asians (Crazy Rich Asians #1),Â£49.13,Fiction,Five
Counting Thyme,Â£10.62,Childrens,One
Cosmos,Â£36.17,Add a comment,Two
Civilization and Its Discontents,Â£59.95,Psychology,Two
Cinder (The Lunar Chronicles #1),Â£26.09,Young Adult,One
Catastrophic Happiness: Finding Joy in Childhood's Messy Years,Â£37.35,Parenting,Two
Career of Evil (Cormoran Strike #3),Â£24.72,Mystery,Two
Breaking Dawn (Twilight #4),Â£35.28,Default,Five
Brave Enough,Â£51.32,Nonfiction,Five
Boy Meets Boy,Â£21.12,Young Adult,Three
"Born to Run: A Hidden Tribe, Superathletes, and the Greatest Race the World Has Never Seen",Â£27.35,Nonfiction,Two
Blink: The Power of Thinking Without Thinking,Â£21.74,Nonfiction,Five
Black Flags: The Rise of ISIS,Â£40.87,Nonfiction,One
"Black Butler, Vol. 1 (Black Butler #1)",Â£49.31,Sequential Art,One
Big Little Lies,Â£22.11,Fiction,One
Between Shades of Gray,Â£20.79,Historical Fiction,Five
Best of My Love (Fool's Gold #20),Â£27.41,Romance,Two
Beowulf,Â£38.35,Classics,Two
Beautiful Creatures (Caster Chronicles #1),Â£21.55,Default,Five
Awkward,Â£38.02,Sequential Art,Two
Ash,Â£22.06,Fantasy,Four
Are We There Yet?,Â£10.66,Childrens,Three
Are We Smart Enough to Know How Smart Animals Are?,Â£56.58,Nonfiction,One
Annie on My Mind,Â£36.83,Young Adult,Five
And Then There Were None,Â£35.01,Classics,Two
A Walk in the Woods: Rediscovering America on the Appalachian Trail,Â£30.48,Nonfiction,Four
A Visit from the Goon Squad,Â£14.08,Default,Five
A Storm of Swords (A Song of Ice and Fire #3),Â£31.22,Fantasy,Two
A Heartbreaking Work of Staggering Genius,Â£54.29,Autobiography,Five
8 Keys to Mental Health Through Exercise,Â£31.04,Psychology,One
#GIRLBOSS,Â£50.96,Add a comment,One
"The Suffragettes (Little Black Classics, #96)",Â£11.89,Nonfiction,Two
The Sense of an Ending,Â£31.38,Add a comment,Three
"The Sandman, Vol. 2: The Doll's House (The Sandman (volumes) #2)",Â£54.81,Sequential Art,One
The Course of Love,Â£16.78,Fiction,Three
Sugar Rush (Offensive Line #2),Â£24.42,Sports and Games,One
"Saga, Volume 2 (Saga (Collected Editions) #2)",Â£11.75,Sequential Art,Three
"Run, Spot, Run: The Ethics of Keeping Pets",Â£20.02,Philosophy,One
New Moon (Twilight #2),Â£12.86,Young Adult,Four
Life,Â£31.58,Music,Five
Kindle Paperwhite User's Guide,Â£34.00,Nonfiction,Three
H is for Hawk,Â£57.42,Nonfiction,Five
Girl Online On Tour (Girl Online #2),Â£53.47,Young Adult,One
"Fruits Basket, Vol. 2 (Fruits Basket #2)",Â£11.64,Sequential Art,Five
Diary of a Minecraft Zombie Book 1: A Scare of a Dare (An Unofficial Minecraft Book),Â£52.88,Childrens,Four
"Y: The Last Man, Vol. 1: Unmanned (Y: The Last Man #1)",Â£18.51,Sequential Art,Four
While You Were Mine,Â£41.32,Historical Fiction,Five
Where Lightning Strikes (Bleeding Stars #3),Â£39.77,Romance,Three
When I'm Gone,Â£51.96,Fiction,Three
Ways of Seeing,Â£39.51,Art,Five
"Vampire Knight, Vol. 1 (Vampire Knight #1)",Â£15.40,Paranormal,One
Vampire Girl (Vampire Girl #1),Â£53.82,Fantasy,Two
Twenty Love Poems and a Song of Despair,Â£30.95,Poetry,Four
Travels with Charley: In Search of America,Â£57.82,Nonfiction,Five
Three Wishes (River of Time: California #1),Â£44.18,Science Fiction,Two
This One Moment (Pushing Limits #1),Â£48.71,Romance,One
The Zombie Room,Â£19.69,Default,Five
"The Wicked + The Divine, Vol. 1: The Faust Act (The Wicked + The Divine)",Â£36.52,Sequential Art,Two
The Tumor,Â£41.56,Nonfiction,Five
The Story of Hong Gildong,Â£43.19,Classics,Four
The Silent Wife,Â£12.34,Fiction,Five
The Silent Twin (Detective Jennifer Knight #3),Â£36.25,Fantasy,Three
The Selfish Gene,Â£29.45,Science,One
The Secret Healer,Â£34.56,Historical Fiction,Three
"The Sandman, Vol. 1: Preludes and Nocturnes (The Sandman (volumes) #1)",Â£54.12,Sequential Art,Three
The Republic,Â£33.78,Add a comment,Three
The Odyssey,Â£29.64,Add a comment,Three
The No. 1 Ladies' Detective Agency (No. 1 Ladies' Detective Agency #1),Â£57.70,Mystery,Four
The Nicomachean Ethics,Â£36.34,Philosophy,One
The Name of the Wind (The Kingkiller Chronicle #1),Â£50.59,Default,Three
The Mirror & the Maze (The Wrath and the Dawn #1.5),Â£29.38,Fantasy,One
The Little Prince,Â£45.42,Classics,Two
The Light of the Fireflies,Â£54.43,Add a comment,One
The Last Girl (The Dominion Trilogy #1),Â£36.26,Science Fiction,Two
The Iliad,Â£16.16,Add a comment,One
The Hook Up (Game On #1),Â£36.29,New Adult,Five
The Haters,Â£27.89,Young Adult,Five
The Girl You Lost,Â£12.29,Mystery,Five
The Girl In The Ice (DCI Erika Foster #1),Â£15.85,Mystery,Three
The End of the Jesus Era (An Investigation #1),Â£14.40,Nonfiction,One
The Edge of Reason (Bridget Jones #2),Â£19.18,Womens Fiction,Four
The Complete Maus (Maus #1-2),Â£10.64,Sequential Art,Three
The Communist Manifesto,Â£14.76,Add a comment,Three
The Bhagavad Gita,Â£57.49,Religion,Three
The Bette Davis Club,Â£30.66,Fiction,Three
The Art of Not Breathing,Â£40.83,Young Adult,Four
Taking Shots (Assassins #1),Â£18.88,Default,Two
Starlark,Â£25.83,Historical Fiction,Three
"Skip Beat!, Vol. 01 (Skip Beat! #1)",Â£42.12,Sequential Art,Three
Sister Sable (The Mad Queen #1),Â£13.33,Fantasy,Three
Shatter Me (Shatter Me #1),Â£42.40,Default,One
Shameless,Â£58.35,New Adult,Three
Shadow Rites (Jane Yellowrock #10),Â£21.72,Fantasy,Four
Settling the Score (The Summer Games #1),Â£44.91,Sports and Games,Two
Sense and Sensibility,Â£37.46,Classics,One
"Saga, Volume 1 (Saga (Collected Editions) #1)",Â£28.48,Sequential Art,One
"Rhythm, Chord & Malykhin",Â£28.34,Romance,Two
"Rat Queens, Vol. 1: Sass & Sorcery (Rat Queens (Collected Editions) #1-5)",Â£46.96,Sequential Art,Five
Paradise Lost (Paradise #1),Â£24.96,Default,One
"Paper Girls, Vol. 1 (Paper Girls #1-5)",Â£21.71,Sequential Art,Four
"Ouran High School Host Club, Vol. 1 (Ouran High School Host Club #1)",Â£29.87,Sequential Art,Three
Origins (Alphas 0.5),Â£28.99,Fantasy,One
One Second (Seven #7),Â£52.94,Fantasy,Two
On the Road (Duluoz Legend),Â£32.36,Default,Three
Old Records Never Die: One Man's Quest for His Vinyl and His Past,Â£55.66,Music,Two
Off Sides (Off #1),Â£39.45,New Adult,Five
Of Mice and Men,Â£47.11,Classics,Two
Myriad (Prentor #1),Â£58.75,Fantasy,Four
My Perfect Mistake (Over the Top #1),Â£38.92,Romance,Two
"Ms. Marvel, Vol. 1: No Normal (Ms. Marvel (2014-2015) #1)",Â£39.39,Sequential Art,Four
Meditations,Â£25.89,Philosophy,Two
Matilda,Â£28.34,Childrens,One
Lost Among the Living,Â£27.70,Historical Fiction,Four
Lord of the Flies,Â£24.89,Add a comment,Three
Listen to Me (Fusion #1),Â£58.99,Romance,Three
Kitchens of the Great Midwest,Â£57.20,Fiction,Five
Jane Eyre,Â£38.43,Default,Five
Imperfect Harmony,Â£34.74,Romance,Four
Icing (Aces Hockey #2),Â£40.44,Sports and Games,Four
"Hawkeye, Vol. 1: My Life as a Weapon (Hawkeye #1)",Â£45.24,Sequential Art,Three
Having the Barbarian's Baby (Ice Planet Barbarians #7.5),Â£34.96,Science Fiction,Four
"Giant Days, Vol. 1 (Giant Days #1-4)",Â£56.76,Sequential Art,Four
"Fruits Basket, Vol. 1 (Fruits Basket #1)",Â£40.28,Sequential Art,Five
Frankenstein,Â£38.00,Default,Two
Forever Rockers (The Rocker #12),Â£28.80,Music,Three
Fighting Fate (Fighting #6),Â£39.24,Romance,Three
Emma,Â£32.93,Classics,Two
"Eat, Pray, Love",Â£51.32,Nonfiction,Three
Deep Under (Walker Security #1),Â£47.09,Romance,Five
Choosing Our Religion: The Spiritual Lives of America's Nones,Â£28.42,Religion,Four
Charlie and the Chocolate Factory (Charlie Bucket #1),Â£22.85,Childrens,Three
Charity's Cross (Charles Towne Belles #4),Â£41.24,Romance,One
Bright Lines,Â£39.07,Fiction,Five
Bridget Jones's Diary (Bridget Jones #1),Â£29.82,Womens Fiction,One
Bounty (Colorado Mountain #7),Â£37.26,Romance,Four
Blood Defense (Samantha Brinkman #1),Â£20.30,Mystery,Three
"Bleach, Vol. 1: Strawberry and the Soul Reapers (Bleach #1)",Â£34.65,Sequential Art,Five
Beyond Good and Evil,Â£43.38,Philosophy,One
Alice in Wonderland (Alice's Adventures in Wonderland #1),Â£55.53,Classics,One
"Ajin: Demi-Human, Volume 1 (Ajin: Demi-Human #1)",Â£57.06,Sequential Art,Four
A Spy's Devotion (The Regency Spies of London #1),Â£16.97,Historical Fiction,Five
1st to Die (Women's Murder Club #1),Â£53.98,Mystery,One
"1,000 Places to See Before You Die",Â£26.08,Travel,Five
